Shortest job first,Priority,Preemptive
"PID","Burst","Priority","Arrival","Start","Finish","Wait","Response","Turnaround"
401,14,0,30,30,43,0,0,14
402,27,4,59,59,85,0,0,27
403,81,1,125,125,296,91,0,172
404,49,5,143,143,191,0,0,49
405,32,9,204,204,235,0,0,32
406,10,5,231,236,245,5,5,15
407,50,4,289,297,346,8,8,58
408,69,5,354,354,422,0,0,69
409,77,6,379,1474,1564,1109,1095,1186
410,66,6,394,447,512,53,53,119
411,24,4,403,423,446,20,20,44
412,85,7,459,1727,1811,1268,1268,1353
413,35,4,494,513,547,19,19,54
414,61,2,495,632,728,173,137,234
415,55,2,505,548,602,43,43,98
416,92,8,563,2017,2108,1454,1454,1546
417,29,4,595,603,631,8,8,37
418,36,6,638,638,673,0,0,36
419,62,7,671,729,790,58,58,120
420,73,6,689,791,963,202,102,275
421,92,6,726,2109,2200,1383,1383,1475
422,98,0,779,2297,2394,1518,1518,1616
423,31,5,811,811,841,0,0,31
424,30,0,820,842,871,22,22,52
425,39,8,845,872,910,27,27,66
426,75,8,910,1106,1410,426,196,501
427,48,1,939,964,1011,25,25,73
428,66,6,993,1012,1105,47,19,113
429,24,4,1017,1017,1040,0,0,24
430,4,5,1073,1073,1076,0,0,4
431,50,7,1110,1110,1187,28,0,78
432,28,1,1115,1115,1142,0,0,28
433,36,3,1174,1188,1223,14,14,50
434,54,0,1178,1224,1324,93,46,147
435,19,8,1234,1234,1252,0,0,19
436,15,3,1263,1263,1277,0,0,15
437,11,2,1295,1295,1305,0,0,11
438,2,7,1305,1306,1307,1,1,3
439,15,3,1356,1356,1370,0,0,15
440,86,1,1380,1931,2016,551,551,637
441,63,4,1384,1411,1473,27,27,90
442,96,2,1448,2201,2296,753,753,849
443,14,7,1499,1499,1512,0,0,14
444,41,3,1538,1565,1605,27,27,68
445,50,1,1577,1606,1726,100,29,150
446,46,1,1607,1607,1652,0,0,46
447,25,1,1658,1658,1682,0,0,25
448,99,0,1721,2395,2493,674,674,773
449,82,2,1752,1849,1930,97,97,179
450,37,7,1792,1812,1848,20,20,57
,,,,,,,,
,,,,,Min,0,0,3
,,,,,Mean,206.88,193.98,254.94
,,,,,Max,1518,1518,1616
,,,,,StdDev,420.35,420.75,440.09
